<?xml version="1.0" encoding="UTF-8"?>
<MenuConfig>
    <Displayers>
        <Displayer name="Velocity" type="net.sf.navigator.displayer.VelocityMenuDisplayer"/>
    </Displayers>
    <Menus>
        <Menu name="Home" title="home.title" page="/home" roles="ROLE_ADMIN,ROLE_USER"/>
        <Menu name="UserMenu" title="menu.user" description="User Menu" page="/editProfile" roles="ROLE_ADMIN,ROLE_USER"/>
        <Menu name="AdminMenu" title="menu.admin" description="Admin Menu" roles="ROLE_ADMIN" page="/admin/users">
            <Item name="ViewUsers" title="menu.admin.users" page="/admin/users"/>
            <Item name="ActiveUsers" title="home.activeUsers" page="/admin/activeUsers"/>
            <Item name="ReloadContext" title="menu.admin.reload" page="/admin/reload"/>
            <Item name="FileUpload" title="menu.selectFile" page="/selectFile"/>
        </Menu>
        <Menu name="Logout" title="user.logout" page="/logout" roles="ROLE_ADMIN,ROLE_USER"/>
    </Menus>
</MenuConfig>
