﻿[{"Id":"144731","Name":"warfarin (bulk)","Properties":[{"Name":"description","Value":"warfarin (bulk)"},{"Name":"routeID","Value":"201"},{"Name":"route","Value":"Miscellaneous"}]},{"Id":"11437","Name":"warfarin","Properties":[{"Name":"description","Value":"warfarin intravenous"},{"Name":"routeID","Value":"194"},{"Name":"route","Value":"Intravenous"}]},{"Id":"3949","Name":"warfarin","Properties":[{"Name":"description","Value":"warfarin oral"},{"Name":"routeID","Value":"212"},{"Name":"route","Value":"Oral"}]}]