<!-- NOTE: If you're working offline, you might have to change the DOCTYPE to the following:
<!DOCTYPE hibernate-configuration PUBLIC "-//Hibernate/Hibernate Configuration DTD 3.0//EN"
    "http://hibernate.sourceforge.net/hibernate-configuration-3.0.dtd">-->
<!DOCTYPE hibernate-configuration PUBLIC "-//Hibernate/Hibernate Configuration DTD 3.0//EN"
    "http://www.hibernate.org/dtd/hibernate-configuration-3.0.dtd">

<hibernate-configuration>
    <session-factory>
        <mapping class="org.appfuse.model.User"/>
        <mapping class="org.appfuse.model.Role"/>
        <mapping class="org.appfuse.tutorial.model.Person"/>
        <mapping class="org.appfuse.tutorial.model.Student"/>
        <mapping class="org.appfuse.tutorial.model.Car"/>
        <mapping class="org.appfuse.tutorial.model.Users"/>
    </session-factory>
</hibernate-configuration>